{"name": "AAPoly, Melbourne Campus", "shim": "aapoly-melbourne-campus", "coords": {"lat": -37.816356, "lng": 144.954986}}
{"name": "Academia International, Melbourne Campus", "shim": "academia-international-melbourne-campus", "coords": {"lat": -37.813023, "lng": 144.960624}}
{"name": "Acumen Institute of Further Education, CBD Campus", "shim": "acumen-institute-of-further-education-cbd-campus", "coords": {"lat": -37.8164, "lng": 144.9666}}
{"name": "Acumen Institute of Further Education, Richmond Campus", "shim": "acumen-institute-of-further-education-richmond-campus", "coords": {"lat": -37.81088, "lng": 144.99191}}
{"name": "AGB Training, Geelong Campus", "shim": "agb-training-geelong-campus", "coords": {"lat": -38.1645, "lng": 144.356}}
{"name": "ALACC Health College, Australia", "shim": "alacc-health-college-australia", "coords": {"lat": -37.746478, "lng": 145.005314}}
{"name": "Alfred Deakin College (MIBT), Waurn Ponds Campus", "shim": "alfred-deakin-college-mibt-waurn-ponds-campus", "coords": {"lat": -38.195617, "lng": 144.304964}}
{"name": "ALTEC College, Melbourne Campus", "shim": "altec-college-melbourne-campus", "coords": {"lat": -37.848102, "lng": 144.979039}}
{"name": "Angad Australian Institute of Technology, La Trobe st Campus", "shim": "angad-australian-institute-of-technology-la-trobe-st-campus", "coords": {"lat": -37.813758, "lng": 144.95733}}
{"name": "AOI Institute", "shim": "aoi-institute", "coords": {"lat": -37.811894, "lng": 144.969874}}
{"name": "Ashton College, Footscray Campus", "shim": "ashton-college-footscray-campus", "coords": {"lat": -37.803653, "lng": 144.89905}}
{"name": "Ashton College, Hallam Campus", "shim": "ashton-college-hallam-campus", "coords": {"lat": -38.018682, "lng": 145.270307}}
{"name": "Ashton College, Hospitality Campus", "shim": "ashton-college-hospitality-campus", "coords": {"lat": -37.800746, "lng": 144.898003}}
{"name": "Ashton College, Northcote Campus", "shim": "ashton-college-northcote-campus", "coords": {"lat": -37.766705, "lng": 144.986665}}
{"name": "Australian Academy of Fashion Design", "shim": "australian-academy-of-fashion-design", "coords": {"lat": -37.817414, "lng": 144.955623}}
{"name": "Australian Careers Education, Donald Street Campus (Aurora Building)", "shim": "australian-careers-education-donald-street-campus-aurora-building", "coords": {"lat": -37.758965, "lng": 144.977737}}
{"name": "Australian Careers Education, Victoria Street Campus", "shim": "australian-careers-education-victoria-street-campus", "coords": {"lat": -37.766402, "lng": 144.95802}}
{"name": "Australian Catholic University, Melbourne Campus", "shim": "australian-catholic-univeristy-melbourne-campus", "coords": {"lat": -37.808105, "lng": 144.978268}}
{"name": "Australian Catholic University, Ballarat Campus", "shim": "australian-catholic-university-ballarat-campus", "coords": {"lat": -37.557726, "lng": 143.844259}}
{"name": "Australian Centre of Further Education", "shim": "australian-centre-of-further-education", "coords": {"lat": -37.810371, "lng": 144.958136}}
{"name": "Australian College of Applied Psychology, ACAP - Melbourne Campus", "shim": "australian-college-of-applied-psychology-acap-melbourne-campus", "coords": {"lat": -37.810644, "lng": 144.96871}}
{"name": "Australian College of Sport, Basketball, Melbourne Campus", "shim": "australian-college-of-sport-basketball-melbourne-campus", "coords": {"lat": -37.8251, "lng": 144.972}}
{"name": "Australian College of Theology", "shim": "australian-college-of-theology", "coords": {"lat": -37.859748, "lng": 145.209116}}
{"name": "Australian College of Trade, Thornbury Campus", "shim": "australian-college-of-trade-thornbury-campus", "coords": {"lat": -37.754796, "lng": 145.001042}}
{"name": "Australian Education Academy ,10 Blissington Street, Springvale", "shim": "australian-education-academy-10-blissington-street-springvale", "coords": {"lat": -37.934002, "lng": 145.151509}}
{"name": "Australian Institute of Technical Training  (AITT), Melbourne Campus", "shim": "australian-institute-of-technical-training-aitt-melbourne-campus", "coords": {"lat": -37.819284, "lng": 144.958052}}
{"name": "Australian Institute of Trades, Institute of Hotel Management Australia", "shim": "australian-institute-of-trades-institute-of-hotel-management-australia", "coords": {"lat": -37.8183, "lng": 144.998}}
{"name": "Australian Institute of Translation & Interpretation (AITI), Melbourne Campus", "shim": "australian-institute-of-translation-interpretation-aiti-melbourne-campus", "coords": {"lat": -37.817727, "lng": 144.961662}}
{"name": "Australian IT & Hospitality Institute, Footscray Campus", "shim": "australian-it-hospitality-institute-footscray-campus", "coords": {"lat": -37.8006, "lng": 144.896}}
{"name": "Australian National Airline College", "shim": "australian-national-airline-college", "coords": {"lat": -37.976225, "lng": 145.092803}}
{"name": "Australian National College, Franklin Street Campus", "shim": "australian-national-college-franklin-street-campus", "coords": {"lat": -37.807405, "lng": 144.960799}}
{"name": "Australian National Institute of Business & Technology (ANIBT), Melbourne Campus", "shim": "australian-national-institute-of-business-technology-anibt-melbourne-campus", "coords": {"lat": -37.819741, "lng": 144.958281}}
{"name": "Australian Pacific College, Melbourne Campus", "shim": "australian-pacific-college-melbourne-campus", "coords": {"lat": -37.812264, "lng": 144.960538}}
{"name": "Australian Study Link Institute", "shim": "australian-study-link-institute", "coords": {"lat": -37.809831, "lng": 144.971403}}
{"name": "AVETA - Australian Vocational Education & Training Academy", "shim": "aveta-australian-vocational-education-training-academy", "coords": {"lat": -37.817738, "lng": 144.961648}}
{"name": "Barkly International College, City Campus", "shim": "barkly-international-college-city-campus", "coords": {"lat": -37.812891, "lng": 144.961447}}
{"name": "Barkly International College, North Melbourne Campus & Automotive Workshop", "shim": "barkly-international-college-north-melbourne-campus-automotive-workshop", "coords": {"lat": -37.794322, "lng": 144.937901}}
{"name": "Baxter Institute, Automotive & Bakery Campus", "shim": "baxter-institute-automotive-bakery-campus", "coords": {"lat": -37.82435, "lng": 144.960882}}
{"name": "Baxter Institute, Fabrication campus", "shim": "baxter-institute-fabrication-campus", "coords": {"lat": -37.800207, "lng": 144.941053}}
{"name": "Baxter Institute, Hairdressing and Beauty Campus (Flinders Street)", "shim": "baxter-institute-hairdressing-and-beauty-campus-flinders-street", "coords": {"lat": -37.816076, "lng": 144.97143}}
{"name": "Beaconhills College", "shim": "beaconhills-college", "coords": {"lat": -38.06161, "lng": 145.466492}}
{"name": "Bendigo TAFE, Bendigo", "shim": "bendigo-tafe-bendigo", "coords": {"lat": -36.7563, "lng": 144.284}}
{"name": "Bendigo TAFE and Kangan Institute, Broadmeadows Campus", "shim": "bendigo-tafe-and-kangan-institute-broadmeadows-campus", "coords": {"lat": -37.6798, "lng": 144.918}}
{"name": "Biba Academy, Swantson street Campus", "shim": "biba-academy-swantson-street-campus", "coords": {"lat": -37.7989, "lng": 144.983}}
{"name": "Box Hill Institute, City Campus", "shim": "box-hill-institute-city-campus", "coords": {"lat": -37.8169, "lng": 144.966}}
{"name": "Box Hill Institute", "shim": "box-hill-institute", "coords": {"lat": -37.8154, "lng": 145.115}}
{"name": "Brighton Institute of Technology", "shim": "brighton-institute-of-technology", "coords": {"lat": -37.814146, "lng": 144.962271}}
{"name": "Catholic Theological College (CTC), Melbourne College of Divinity - East Melbourne Campus", "shim": "catholic-theological-college-ctc-melbourne-college-of-divinity-east-melbourne-campus", "coords": {"lat": -37.8091, "lng": 144.981}}
{"name": "Central Australian College (CAC), Melbourne Campus", "shim": "central-australian-college-cac-melbourne-campus", "coords": {"lat": -37.8009, "lng": 144.884}}
{"name": "Central Melbourne Institute (CMI), City Campus", "shim": "central-melbourne-institute-cmi-city-campus", "coords": {"lat": -37.8149, "lng": 144.96}}
{"name": "Central Melbourne Institute", "shim": "central-melbourne-institute", "coords": {"lat": -37.8524, "lng": 145.037}}
{"name": "City campus", "shim": "central-queensland-university-city-campus", "coords": {"lat": -37.818212, "lng": 144.954332}}
{"name": "Charles Sturt University Study Centres, Melbourne", "shim": "charles-sturt-university-study-centres-melbourne", "coords": {"lat": -37.817098, "lng": 144.957627}}
{"name": "Chisholm Institue, Chisholm At 331", "shim": "chisholm-institue-chisholm-at-331", "coords": {"lat": -37.975611, "lng": 145.2197441}}
{"name": "Chisholm Institute, Bass Coast", "shim": "chisholm-institute-bass-coast", "coords": {"lat": -38.5888765, "lng": 145.5787101}}
{"name": "Chisholm Institute, Cranbourne Campus", "shim": "chisholm-institute-cranbourne-campus", "coords": {"lat": -38.0434277, "lng": 145.1882625}}
{"name": "Chisholm Institute, Dandenong Campus", "shim": "chisholm-institute-dandenong-campus", "coords": {"lat": -37.975169, "lng": 145.219604}}
{"name": "Chisholm Institute, Flinders Lane Campus", "shim": "chisholm-institute-flinders-lane-campus", "coords": {"lat": -37.891933, "lng": 144.9230619}}
{"name": "Chisholm Institute, Melbourne City Campus", "shim": "chisholm-institute-melbourne-city-campus", "coords": {"lat": -37.8130231, "lng": 144.9584356}}
{"name": "Collarts - Australian College of the Arts", "shim": "collarts-australian-college-of-the-arts", "coords": {"lat": -37.8263, "lng": 144.943}}
{"name": "Dalton College", "shim": "dalton-college", "coords": {"lat": -37.813072, "lng": 144.956196}}
{"name": "Dance Factory", "shim": "dance-factory", "coords": {"lat": -37.8318, "lng": 144.998}}
{"name": "Deakin College (MIBT), Burwood Campus", "shim": "deakin-college-mibt-burwood-campus", "coords": {"lat": -37.844583, "lng": 145.110172}}
{"name": "Deakin University, Geelong Waterfront Campus", "shim": "deakin-university-geelong-waterfront-campus", "coords": {"lat": -38.143961, "lng": 144.360314}}
{"name": "Deakin University, Warrnambool Campus", "shim": "deakin-university-warrnambool-campus", "coords": {"lat": -38.371481, "lng": 142.47303}}
{"name": "Deakin University, Waurn Ponds Campus", "shim": "deakin-university-waurn-ponds-campus", "coords": {"lat": -38.200668, "lng": 144.302598}}
{"name": "Della International College, City Campus", "shim": "della-international-college-city-campus", "coords": {"lat": -37.809631, "lng": 144.958977}}
{"name": "Della International College, Sunshine Campus", "shim": "della-international-college-sunshine-campus", "coords": {"lat": -37.780952, "lng": 144.827744}}
{"name": "Department of Education and Training, Victoria", "shim": "department-of-education-and-training-victoria", "coords": {"lat": -37.8142, "lng": 144.974}}
{"name": "East West College Of Natural Therapies", "shim": "east-west-college-of-natural-therapies", "coords": {"lat": -37.8951, "lng": 145.021}}
{"name": "Education Access Australia", "shim": "education-access-australia", "coords": {"lat": -37.8074, "lng": 144.944}}
{"name": "Education Training & Employment Australia, ETEA", "shim": "education-training-employment-australia-etea", "coords": {"lat": -37.756, "lng": 145.066}}
{"name": "Elite Training Institute", "shim": "elite-training-institute", "coords": {"lat": -37.7394, "lng": 144.946}}
{"name": "Elly Lukas Beauty Therapy College", "shim": "elly-lukas-beauty-therapy-college", "coords": {"lat": -37.8177, "lng": 144.963}}
{"name": "ELSIS, Melbourne Campus", "shim": "elsis-melbourne-campus", "coords": {"lat": -37.813, "lng": 144.961}}
{"name": "Endeavour College of Natural Health, Melbourne Campus", "shim": "endeavour-college-of-natural-health-melbourne-campus", "coords": {"lat": -37.81, "lng": 144.961}}
{"name": "Everest Institute of Education", "shim": "everest-institute-of-education", "coords": {"lat": -37.6673, "lng": 145.011}}
{"name": "Explore English", "shim": "explore-english", "coords": {"lat": -37.8155, "lng": 144.966}}
{"name": "Federation University, Ballarat Campus", "shim": "federation-university-ballarat-campus", "coords": {"lat": -37.562159, "lng": 143.850256}}
{"name": "Federation University, Gippsland Campus", "shim": "federation-university-gippsland-campus", "coords": {"lat": -38.316943, "lng": 146.427417}}
{"name": "Federation University, Wimmera Campus", "shim": "federation-university-wimmera-campus", "coords": {"lat": -36.711805, "lng": 142.198254}}
{"name": "Flinders International College", "shim": "flinders-international-college", "coords": {"lat": -37.8517, "lng": 144.981}}
{"name": "Fusion Enlgish, Melbourne Campus", "shim": "fusion-enlgish-melbourne-campus", "coords": {"lat": -37.8139, "lng": 144.966}}
{"name": "Global Business College Of Australia", "shim": "global-business-college-of-australia", "coords": {"lat": -37.8111, "lng": 144.959}}
{"name": "Gordon Institute of TAFE, East Geelong Campus", "shim": "gordon-institute-of-tafe-east-geelong-campus", "coords": {"lat": -38.162716, "lng": 144.385649}}
{"name": "Gordon Institute of TAFE, East Geelong ELICOS Campus", "shim": "gordon-institute-of-tafe-east-geelong-elicos-campus", "coords": {"lat": -38.1412, "lng": 144.354}}
{"name": "Greenwich English College, Melbourne", "shim": "greenwich-english-college-melbourne", "coords": {"lat": -37.8183, "lng": 144.954}}
{"name": "Harvest Bible College", "shim": "harvest-bible-college", "coords": {"lat": -37.8994, "lng": 145.23}}
{"name": "Hays International College", "shim": "hays-international-college", "coords": {"lat": -37.8319, "lng": 145.131}}
{"name": "Heading Out Academy", "shim": "heading-out-academy", "coords": {"lat": -37.7983, "lng": 144.979}}
{"name": "Headmasters Advanced Academy of Training", "shim": "headmasters-advanced-academy-of-training", "coords": {"lat": -37.8103, "lng": 144.972}}
{"name": "Holmesglen, Holmesglen Institute, Chadstone Campus", "shim": "holmesglen-holmesglen-institute-chadstone-campus", "coords": {"lat": -37.8755, "lng": 145.092}}
{"name": "Holmesglen, Holmesglen Institute, City Campus", "shim": "holmesglen-holmesglen-institute-city-campus", "coords": {"lat": -37.8299, "lng": 144.971}}
{"name": "Holmesglen, Holmesglen Institute, Waverley Campus", "shim": "holmesglen-holmesglen-institute-waverley-campus", "coords": {"lat": -37.8875, "lng": 145.153}}
{"name": "Holmesglen Institute, Holmesglen Moorabbin Campus", "shim": "holmesglen-institute-holmesglen-moorabbin-campus", "coords": {"lat": -37.9354, "lng": 145.05}}
{"name": "Hospitality Management Institute of Australia", "shim": "hospitality-management-institute-of-australia", "coords": {"lat": -37.801, "lng": 144.898}}
{"name": "Impact English College, Melbourne Campus", "shim": "impact-english-college-melbourne-campus", "coords": {"lat": -37.8163, "lng": 144.955}}
{"name": "Imperial College of Technology and Management", "shim": "imperial-college-of-technology-and-management", "coords": {"lat": -37.8007, "lng": 144.993}}
{"name": "Institute of Health and Nursing Australia", "shim": "institute-of-health-and-nursing-australia", "coords": {"lat": -37.7472, "lng": 145.058}}
{"name": "Institute of Tertiary and Higher Education Australia (ITHEA)", "shim": "institute-of-tertiary-and-higher-education-australia-ithea", "coords": {"lat": -37.8166, "lng": 144.96}}
{"name": "INUS Australia Education and Training", "shim": "inus-australia-education-and-training", "coords": {"lat": -37.8165, "lng": 144.961}}
{"name": "JMC Academy", "shim": "jmc-academy", "coords": {"lat": -37.8341, "lng": 144.962}}
{"name": "Job Training Institute, Dandenong Campus", "shim": "job-training-institute-dandenong-campus", "coords": {"lat": -37.9871, "lng": 145.215}}
{"name": "Kangan Batman Institute of TAFE, Docklands", "shim": "kangan-batman-institute-of-tafe-docklands", "coords": {"lat": -37.8222, "lng": 144.948}}
{"name": "Kangan Batman Institute of TAFE, Richmond", "shim": "kangan-batman-institute-of-tafe-richmond", "coords": {"lat": -37.8293, "lng": 144.993}}
{"name": "Kangan Institute, Moonee Ponds Campus", "shim": "kangan-institute-moonee-ponds-campus", "coords": {"lat": -37.766, "lng": 144.923}}
{"name": "Kaplan Business School", "shim": "kaplan-business-school", "coords": {"lat": -37.8129, "lng": 144.942}}
{"name": "La Trobe Bundoora Campus", "shim": "la-trobe-bundoora-campus", "coords": {"lat": -37.717088, "lng": 145.043085}}
{"name": "La Trobe University, Albury-Wodonga Campus", "shim": "la-trobe-university-albury-wodonga-campus", "coords": {"lat": -36.117679, "lng": 146.889104}}
{"name": "La Trobe University, Bendigo Campus", "shim": "la-trobe-university-bendigo-campus", "coords": {"lat": -36.7812, "lng": 144.296}}
{"name": "La Trobe University, City Campus (Collins Street), City Campus (Collins Street)", "shim": "la-trobe-university-city-campus-collins-street-city-campus-collins-street", "coords": {"lat": -37.816325, "lng": 144.962335}}
{"name": "La Trobe University, Mildura Campus", "shim": "la-trobe-university-mildura-campus", "coords": {"lat": -34.2048, "lng": 142.168}}
{"name": "La Trobe University, Shepparton Campus", "shim": "la-trobe-university-shepparton-campus", "coords": {"lat": -36.3808, "lng": 145.406}}
{"name": "La Trobe College of Art and Design", "shim": "latrobe-college-of-art-and-design", "coords": {"lat": -37.8036, "lng": 144.991}}
{"name": "Lawson College Australia", "shim": "lawson-college-australia", "coords": {"lat": -37.9875, "lng": 145.215}}
{"name": "Lonsdale Institute, Eurocentres Melbourne", "shim": "lonsdale-institute-eurocentres-melbourne", "coords": {"lat": -37.8171, "lng": 144.965}}
{"name": "Marcus Oldham College", "shim": "marcus-oldham-college", "coords": {"lat": -38.1927, "lng": 144.305}}
{"name": "MEGT Institute, Melbourne Campus", "shim": "megt-institute-melbourne-campus", "coords": {"lat": -37.8164, "lng": 144.967}}
{"name": "Melbourne College of Hair and Beauty", "shim": "melbourne-college-of-hair-and-beauty", "coords": {"lat": -37.8176, "lng": 144.966}}
{"name": "Melbourne Flight Training", "shim": "melbourne-flight-training", "coords": {"lat": -37.9763, "lng": 145.095}}
{"name": "Melbourne Institute of Technology (Federation University), Melbourne Campus", "shim": "melbourne-institute-of-technology-federation-university-melbourne-campus", "coords": {"lat": -37.810013, "lng": 144.960843}}
{"name": "Melbourne Polytechnic, Brunswick Campus", "shim": "melbourne-polytechnic-brunswick-campus", "coords": {"lat": -37.8525, "lng": 144.998}}
{"name": "Melbourne Polytechnic, Epping Campus", "shim": "melbourne-polytechnic-epping-campus", "coords": {"lat": -37.6531, "lng": 145.031}}
{"name": "Melbourne Polytechnic, Fairfield Campus", "shim": "melbourne-polytechnic-fairfield-campus", "coords": {"lat": -37.792, "lng": 145.009}}
{"name": "Melbourne Polytechnic, Heidelberg Campus", "shim": "melbourne-polytechnic-heidelberg-campus", "coords": {"lat": -37.7506, "lng": 145.046}}
{"name": "Melbourne Polytechnic, Preston Campus", "shim": "melbourne-polytechnic-preston-campus", "coords": {"lat": -37.7424899, "lng": 144.9957097}}
{"name": "Melbourne Polytechnic, Preston TAFE Campus", "shim": "melbourne-polytechnic-preston-tafe-campus", "coords": {"lat": -37.7413, "lng": 144.998}}
{"name": "Melbourne Rudolf Steiner Seminar", "shim": "melbourne-rudolf-steiner-seminar", "coords": {"lat": -37.7762, "lng": 145.245}}
{"name": "Melbourne School of Theology", "shim": "melbourne-school-of-theology", "coords": {"lat": -37.8601, "lng": 145.209}}
{"name": "Melbourne University, Hawthorn English Language Centre", "shim": "melbourne-university-hawthorn-english-language-centre", "coords": {"lat": -37.837709, "lng": 145.04094}}
{"name": "Melbourne University, Trinity College", "shim": "melbourne-university-trinity-college", "coords": {"lat": -37.794849, "lng": 144.958444}}
{"name": "Menzies Institute of Technology, Adderley Campus", "shim": "menzies-institute-of-technology-adderley-campus", "coords": {"lat": -37.8109089, "lng": 144.9470756}}
{"name": "Menzies Institute of Technology, Batman Campus", "shim": "menzies-institute-of-technology-batman-campus", "coords": {"lat": -37.8111642, "lng": 144.9485787}}
{"name": "Menzies Institute of Technology, Spencer Campus", "shim": "menzies-institute-of-technology-spencer-campus", "coords": {"lat": -37.8118699, "lng": 144.9505028}}
{"name": "Monash College; Monash University English Language Centre", "shim": "monash-college-monash-university-english-language-centre", "coords": {"lat": -37.9182, "lng": 145.13}}
{"name": "Federation University, Berwick Campus", "shim": "federation-university-berwick-campus", "coords": {"lat": -38.0527, "lng": 145.34}}
{"name": "Monash International, Peninsula Campus", "shim": "monash-international-peninsula-campus", "coords": {"lat": -38.171264, "lng": 145.138752}}
{"name": "Monash University, Caulfield Campus", "shim": "monash-university-caulfield-campus", "coords": {"lat": -37.87701, "lng": 145.044269}}
{"name": "Monash University, City Campus", "shim": "monash-university-city-campus", "coords": {"lat": -37.8167, "lng": 144.965}}
{"name": "Monash University, Clayton Campus", "shim": "monash-university-clayton-campus", "coords": {"lat": -37.915466, "lng": 145.134806}}
{"name": "Monash University, Parkville Campus (Manning Building)", "shim": "monash-university-parkville-campus-manning-building", "coords": {"lat": -37.784384, "lng": 144.958516}}
{"name": "Monash University English Language Centre; Monash College, City Campus", "shim": "monash-university-english-language-centre-monash-college-city-campus", "coords": {"lat": -37.8131, "lng": 144.967}}
{"name": "Moorabbin Flying Services", "shim": "moorabbin-flying-services", "coords": {"lat": -37.9733, "lng": 145.09}}
{"name": "National Theatre (Drama & Ballet School)", "shim": "national-theatre-drama-ballet-school", "coords": {"lat": -37.867, "lng": 144.981}}
{"name": "Navitas College of Public Safety (NCPS)", "shim": "navitas-college-of-public-safety-ncps", "coords": {"lat": -37.8177, "lng": 144.966}}
{"name": "North Melbourne College", "shim": "north-melbourne-college", "coords": {"lat": -37.8034, "lng": 144.895}}
{"name": "Nova Institute of Technology", "shim": "nova-institute-of-technology", "coords": {"lat": -37.8153, "lng": 144.961}}
{"name": "Oceania Polytechnic Institute of Education (OPIE)", "shim": "oceania-polytechnic-institute-of-education-opie", "coords": {"lat": -37.8173, "lng": 144.959}}
{"name": "Orange International College", "shim": "orange-international-college", "coords": {"lat": -37.8171, "lng": 144.96}}
{"name": "Ozford College", "shim": "ozford-college", "coords": {"lat": -37.8128, "lng": 144.954}}
{"name": "Ozford College of Busines", "shim": "ozford-college-of-busines", "coords": {"lat": -37.8106, "lng": 144.969}}
{"name": "Ozford College of Business", "shim": "ozford-college-of-business", "coords": {"lat": -37.8083, "lng": 144.968}}
{"name": "Pax Institute of Education", "shim": "pax-institute-of-education", "coords": {"lat": -37.8141, "lng": 144.961}}
{"name": "Pearson Aviation, Essendon Airport", "shim": "pearson-aviation-essendon-airport", "coords": {"lat": -37.7498, "lng": 144.911}}
{"name": "Photography Studies College (PSC), Melbourne Campus", "shim": "photography-studies-college-psc-melbourne-campus", "coords": {"lat": -37.8221, "lng": 144.966}}
{"name": "Pilgrim Theological College", "shim": "pilgrim-theological-college", "coords": {"lat": -37.793, "lng": 144.959}}
{"name": "Planetshakers College", "shim": "planetshakers-college", "coords": {"lat": -37.8289, "lng": 144.955}}
{"name": "Presbyterian Theological College, Box Hill Campus", "shim": "presbyterian-theological-college-box-hill-campus", "coords": {"lat": -37.7973, "lng": 145.1169183}}
{"name": "Rabbinical College of Australia and N.Z.", "shim": "rabbinical-college-of-australia-and-n-z", "coords": {"lat": -37.8637, "lng": 145.003}}
{"name": "RC (Rhodes College)", "shim": "rc-rhodes-college", "coords": {"lat": -37.8157, "lng": 144.961}}
{"name": "Reformed Theological College, Geelong Campus", "shim": "reformed-theological-college-geelong-campus", "coords": {"lat": -38.1898693, "lng": 144.3019719}}
{"name": "Ridley College, Parkville Campus", "shim": "ridley-college-parkville-campus", "coords": {"lat": -37.7837187, "lng": 144.9551728}}
{"name": "RMIT English Worldwide", "shim": "rmit-english-worldwide", "coords": {"lat": -37.8135, "lng": 144.966}}
{"name": "RMIT University, Brunswick Campus", "shim": "rmit-univeristy-brunswick-campus", "coords": {"lat": -37.7711, "lng": 144.956}}
{"name": "RMIT University (RMIT), City Campus", "shim": "rmit-university-rmit-city-campus", "coords": {"lat": -37.8074, "lng": 144.965}}
{"name": "RMIT University, Bundoora Campus", "shim": "rmit-university-bundoora-campus", "coords": {"lat": -37.676835, "lng": 145.072686}}
{"name": "RMIT University, Point Cook Campus", "shim": "rmit-university-point-cook-campus", "coords": {"lat": -37.92885, "lng": 144.749083}}
{"name": "Royal Gurkhas Institute of Technology (RGIT) Australia, Gurkhas Institute of Hospitality & Management", "shim": "royal-gurkhas-institute-of-technology-rgit-australia-gurkhas-institute-of-hospitality-management", "coords": {"lat": -37.8171, "lng": 144.964}}
{"name": "Royal Gurkhas Institute of Technology Australia (RGIT)", "shim": "royal-gurkhas-institute-of-technology-australia-rgit", "coords": {"lat": -37.8173, "lng": 144.965}}
{"name": "Royal Victorian Aero Club", "shim": "royal-victorian-aero-club", "coords": {"lat": -37.9757, "lng": 145.092}}
{"name": "SAE Institute Qantm College, Melbourne Campus", "shim": "sae-institute-qantm-college-melbourne-campus", "coords": {"lat": -37.8296, "lng": 144.948}}
{"name": "School for F.M. Alexander Studies", "shim": "school-for-f-m-alexander-studies", "coords": {"lat": -37.7803, "lng": 144.987}}
{"name": "South Australian College of English (SACE) Melbourne College of English", "shim": "south-australian-college-of-english-sace-melbourne-college-of-english", "coords": {"lat": -37.8217, "lng": 144.955}}
{"name": "South Pacific Institute (SPI), Melbourne Campus", "shim": "south-pacific-institute-spi-melbourne-campus", "coords": {"lat": -37.806, "lng": 144.983}}
{"name": "Southern Cross Education Institute (SCEI), Second Campus", "shim": "southern-cross-education-institute-scei-second-campus", "coords": {"lat": -37.7943072, "lng": 144.9365407}}
{"name": "Southern Cross Education Institute (SCEI), Third Campus", "shim": "southern-cross-education-institute-scei-third-campus", "coords": {"lat": -37.8066033, "lng": 144.9500792}}
{"name": "Southern School of Natural Therapies", "shim": "southern-school-of-natural-therapies", "coords": {"lat": -37.7987, "lng": 144.976}}
{"name": "ST AEROSPACE ACADEMY (AUSTRALIA) PTY LTD,2 Bowral Court, Mitchell Park", "shim": "st-aerospace-academy-australia-pty-ltd-2-bowral-court-mitchell-park", "coords": {"lat": -37.5147, "lng": 143.805}}
{"name": "St Peter Institute, Bourke Street Campus", "shim": "st-peter-institute-bourke-street-campus", "coords": {"lat": -37.813858, "lng": 144.965403}}
{"name": "St Peter Institute, Little Collins Campus", "shim": "st-peter-institute-little-collins-campus", "coords": {"lat": -37.815454, "lng": 144.96343}}
{"name": "Stott's Colleges (Front Cooking School - Carlton Campus) - VET", "shim": "stott-s-colleges-front-cooking-school-carlton-campus-vet", "coords": {"lat": -37.778037, "lng": 144.970041}}
{"name": "Stott's Colleges, Box Hill Campus", "shim": "stott-s-colleges-box-hill-campus", "coords": {"lat": -37.817461, "lng": 145.123818}}
{"name": "Stott's Colleges, Melbourne Campus", "shim": "stott-s-colleges-melbourne-campus", "coords": {"lat": -37.811562, "lng": 144.970601}}
{"name": "Strathfield College, Melbourne Campus", "shim": "strathfield-college-melbourne-campus", "coords": {"lat": -37.809842, "lng": 144.968964}}
{"name": "Sunraysia Institute of TAFE, Mildura Campus", "shim": "sunraysia-institute-of-tafe-mildura-campus", "coords": {"lat": -34.204561, "lng": 142.166337}}
{"name": "Sunshine College of Management", "shim": "sunshine-college-of-management", "coords": {"lat": -37.786492, "lng": 144.834237}}
{"name": "Swinburne University of Technology, Hawthorn Campus", "shim": "swinburne-university-of-technology-hawthorn-campus", "coords": {"lat": -37.82215, "lng": 145.038955}}
{"name": "Swinburne University of Technology, Croydon Campus", "shim": "swinburne-university-of-technology-croydon-campus", "coords": {"lat": -37.801906, "lng": 145.285669}}
{"name": "Swinburne University of Technology, Wantirna Campus", "shim": "swinburne-university-of-technology-wantirna-campus", "coords": {"lat": -37.873485, "lng": 145.234898}}
{"name": "Technical Education Development Institute", "shim": "technical-education-development-institute", "coords": {"lat": -37.815007, "lng": 144.955389}}
{"name": "Technical Institute of Victoria", "shim": "technical-institute-of-victoria", "coords": {"lat": -37.801345, "lng": 144.967099}}
{"name": "The Academy of Interactive Entertainment, Melbourne Campus", "shim": "the-academy-of-interactive-entertainment-melbourne-campus", "coords": {"lat": -37.822677, "lng": 144.953901}}
{"name": "The Australian Ballet School", "shim": "the-australian-ballet-school", "coords": {"lat": -37.821968, "lng": 144.967319}}
{"name": "The Australian Conservatoire of Ballet, Melbourne Campus", "shim": "the-australian-conservatoire-of-ballet-melbourne-campus", "coords": {"lat": -37.813072, "lng": 144.998146}}
{"name": "The University of Melbourne, Parville campus", "shim": "the-university-of-melbourne", "coords": {"lat": -37.796285, "lng": 144.959807}}
{"name": "The University of Melbourne, Burnley campus", "shim": "the-university-of-melbourne-burnley-campus", "coords": {"lat": -37.826346, "lng": 145.017309}}
{"name": "The University of Melbourne, Werribee campus", "shim": "the-university-of-melbourne-werribee-campus", "coords": {"lat": -37.889154, "lng": 144.693133}}
{"name": "The University of Melbourne, Southbank campus", "shim": "the-university-of-melbourne-southbank-campus", "coords": {"lat": -37.824721, "lng": 144.970153}}
{"name": "TMG College", "shim": "tmg-college", "coords": {"lat": -37.810677, "lng": 144.952791}}
{"name": "Torrens University, Fitzroy Campus", "shim": "torrens-university-fitzroy-campus", "coords": {"lat": -37.798616, "lng": 144.976027}}
{"name": "Torrens University, Flinders st Campus", "shim": "torrens-university-flinders-st-campus", "coords": {"lat": -37.816724, "lng": 144.968157}}
{"name": "Trinity College Theological School", "shim": "trinity-college-theological-school", "coords": {"lat": -37.794635, "lng": 144.958892}}
{"name": "Turner English, Box Hill Campus", "shim": "turner-english-box-hill-campus", "coords": {"lat": -37.817989, "lng": 145.124795}}
{"name": "Turner English, Camberwell Campus", "shim": "turner-english-camberwell-campus", "coords": {"lat": -37.847054, "lng": 145.063744}}
{"name": "Turner English, Dandenong Campus", "shim": "turner-english-dandenong-campus", "coords": {"lat": -37.988483, "lng": 145.214864}}
{"name": "Turner English, Melbourne CBD Campus", "shim": "turner-english-melbourne-cbd-campus", "coords": {"lat": -37.813279, "lng": 144.959735}}
{"name": "University of Divinity, Whitley College", "shim": "univeristy-of-divinity-whitley-college", "coords": {"lat": -37.787017, "lng": 144.957062}}
{"name": "Universal Institute of Technology", "shim": "universal-institute-of-technology", "coords": {"lat": -37.815505, "lng": 144.960624}}
{"name": "University of Canberra, UC Melbourne - Chadstone Campus", "shim": "university-of-canberra-uc-melbourne-chadstone-campus", "coords": {"lat": -37.882, "lng": 145.101}}
{"name": "University of Divinity, Stirling College", "shim": "university-of-divinity-stirling-college", "coords": {"lat": -37.92787, "lng": 145.195467}}
{"name": "University of Divinity, Yarra Theological Union", "shim": "university-of-divinity-yarra-theological-union", "coords": {"lat": -37.82627, "lng": 145.133188}}
{"name": "Victoria University, City Flinders", "shim": "victoria-university-city-flinders", "coords": {"lat": -37.818082, "lng": 144.964023}}
{"name": "Victoria University, City Flinders Lane", "shim": "victoria-university-city-flinders-lane", "coords": {"lat": -37.817549, "lng": 144.964066}}
{"name": "Victoria University, City King", "shim": "victoria-university-city-king", "coords": {"lat": -37.814904, "lng": 144.954774}}
{"name": "Victoria University, City Queen", "shim": "victoria-university-city-queen", "coords": {"lat": -37.811804, "lng": 144.958966}}
{"name": "Victoria University, Footscray Nicholson", "shim": "victoria-university-footscray-nicholson", "coords": {"lat": -37.804149, "lng": 144.898778}}
{"name": "Victoria University, Footscray Park", "shim": "victoria-university-footscray-park", "coords": {"lat": -37.793233, "lng": 144.89627}}
{"name": "Victoria University, St Albans", "shim": "victoria-university-st-albans", "coords": {"lat": -37.74553, "lng": 144.804997}}
{"name": "Victoria University, Sunshine", "shim": "victoria-university-sunshine", "coords": {"lat": -37.776817, "lng": 144.833753}}
{"name": "Victoria University, Werribee", "shim": "victoria-university-werribee", "coords": {"lat": -37.893567, "lng": 144.700048}}
{"name": "Victorian Academy Of Commerce and Technology Startups (VACTS)", "shim": "victorian-academy-of-commerce-and-technology-startups-vacts", "coords": {"lat": -37.750474, "lng": 144.964798}}
{"name": "Victorian Institute of Culinary Arts & Technology, Main Campus - Spotswood", "shim": "victorian-institute-of-culinary-arts-technology-main-campus-spotswood", "coords": {"lat": -37.831027, "lng": 144.886575}}
{"name": "Victorian Institute of Culinary Arts & Technology, Regional Campus 1 - Kerang Scoresby st", "shim": "victorian-institute-of-culinary-arts-technology-regional-campus-1-kerang-scoresby-st", "coords": {"lat": -35.733174, "lng": 143.919123}}
{"name": "Victorian Institute of Culinary Arts & Technology, Regional Campus 2 - Kerang Wellington st", "shim": "victorian-institute-of-culinary-arts-technology-regional-campus-2-kerang-wellington-st", "coords": {"lat": -35.735253, "lng": 143.919575}}
{"name": "Victorian Institute of Culinary Arts & Technology, Regional Campus 3 - Shepparton", "shim": "victorian-institute-of-culinary-arts-technology-regional-campus-3-shepparton", "coords": {"lat": -36.381548, "lng": 145.399487}}
{"name": "VIT (Victorian Institute of Technology), Abbotsford Campus", "shim": "vit-victorian-institute-of-technology-abbotsford-campus", "coords": {"lat": -37.8009405, "lng": 145.0001593}}
{"name": "VIT (Victorian Institute of Technology), Melbourne CBD Campus", "shim": "vit-victorian-institute-of-technology-melbourne-cbd-campus", "coords": {"lat": -37.815774, "lng": 144.960718}}
{"name": "Whitehouse Institute of Design, Australia", "shim": "whitehouse-institute-of-design-australia", "coords": {"lat": -37.816649, "lng": 144.953542}}
{"name": "William Angliss Institute", "shim": "william-angliss-institute", "coords": {"lat": -37.812806, "lng": 144.953622}}
{"name": "Yorke Institute", "shim": "yorke-institute", "coords": {"lat": -37.815377, "lng": 144.961162}}
